is_offensive,text
0,Then go to the village pump and suggest they change the language in how a RFC should be set up.
1,"ANTI GREEK NATIONALIS -WIKIPEDIA 

Hi Alexikoua,
Yous should not vandalise Wikipedia by editing false information.You may be a chauvinist but you can not edit false information on Wikipedia.There is nowhere 6 percent greeks in Albania. ... THIS IS THE REAL INFORMATION BECAUSE IT IS THE CENSUS. DO NOT VANDALISE WIKIPEDIA WITH YOUR MILITANT IDEAS."
1,Dis hoe wasnt dis violent on Lottery Ticket üòÇüòÇ
0,It is better for Atabay not helping the banned vandals pushing their POV.
0,"""is in CamelCase.  """"SiCKO"""" is not CamelCase, so the CamelCase rule R. Baley mentions is inapplicable.  """
0,"and  

Hi!  has Requested Arbitration with me:

Wikipedia:Requests for arbitration/Trey Stone and Davenbelle
Wikipedia:Requests for arbitration/Trey Stone and Davenbelle/Evidence

You are mentioned in evidence that I have presented and I'm bringing this to your attention. Comments and evidence of your own are welcome.

Sincerely,  01:08, May 14, 2005 (UTC)"
0,Nonetheless lactose has a hemiacetal group while e.g. sucrose and trehalose don't (they are locked acetals)
0,"Revert as much as you want 

But never say you have my permission to attack LEBANON"
1, Yo bag Gucci but you still ugly hoe shut up
0,"Thanks
I would have used the ping thanks but it does not include my sentiments that I appreciate the time you took to add this. Much appreciated. |Talk"
0,"Please do your testing in the sandbox. Thanks.   20:05, 19 Jul 2004 (UTC)"
0,"re: scott fivelson 

Hello there.  I believe I have made considerable progress to adding credibility to Scott's page including adding references.  Would you care to reconsider your review of his page that you marked for deletion?  I would happy to email you any PDF of his past articles in the Los Angeles Times, or Chicago Times, ... that you would care to see.

Thanks,

Ron"
0,"""

 Prometheus 
""""net word count now reduced so that can't be used as an excuse for deleting constructive contributions""""

 It was not an excuse, it is an unnecessary detail. Unless you have some ulterior motive for him doing it, he does it because they don't have the equipment or staff to deal with a pregnancy especially an alien one. The only important part is she finds out it is inside her, she gets it removed. Don't be bitchy in edit summaries, it's tedious.

Given Weyland's instructions to infect somebody (whether David picked Holloway because he patronised him, or whether Weyland picked him, is unclear) at the cost of their own life to get hold of Engineer genetics, """"an ulterior motive"""" - that they are more interested in the alien than in her, and that they don't share her Ripley-ish instincts that the alien just needs to be killed - is a pretty clear inference. Or alternatively she might just be worried that Vickers will kill her with a flamethrower when she finds out Shaw is also """"infected"""". Either way, I suspect other people may feel the same - and indeed it's the sort of plot point which somebody whose attention has drifted or who has nipped out for a pee could miss at first viewing. Being a barnstarred editor of film articles does not mean that your humble opinion of which plot point is important is correct and everybody else's isn't, although I'm glad to see that it's been left in. And please don't leave bitchy messages on the talk pages of constructive contributors - to coin a phrase, it's tedious.  """
0,"Doesn't need to be either/or. During the Cold War, Americans shared technology with NATO nations that they would not share with the Soviets or Eastern Bloc nations. So it could be American technology being used at a Canadian company. While I have no specific knowledge in this case, such practices were common, and remain so today concerning nations the U.S. deems friendly (as opposed to nations such as N. Korea and Iran). Hope this clarifies.  o)"
0,and that's what they were called most of the time back in 1992-1993
0,"(UTC)

But what is it with you the protesters and your inability to help yourselves?

Indeed, some of you have a PhD in molecular biology, some have several science degrees. For such a person it should be an execise of several hours (well, maximum, several days), to take an appropriate book (or two), to learn what the expected value is, to return here and make this page satisfactory! Instead, you complain during years. During this time some of you that had no appropriate education at the time of the initial complain should get such education. But no; no one of you returns. What could it mean? Either you are all hopelessly uneducated (contrary to your claims), or when getting educated you start to understand that the article is what it should be. Any other explanation of the phenomenon?   11:32, 19 March 2014"
0,"""

 Locked talk page 

""""Since you immediately removed them again, including mine above, I have now protected the page. You can't edit it any more.""""

This is NOT true, it was  who removed that stuff and vandalized my talk page."""
0,I DID SAY THE RIGHT STUFF HOW IS IT INVAILD????????????????????
0,"""

This is the website,  

it clearly states that it is """"(pejorative)"""" = racist
thus, i need evidence that Serbs and Vlah's are the same as you claim. (its kind of saying that """"dirty mexican"""" is a term for all latin people) 

do you understand, now, why im asking for proof?  
  """
0,"Bias 
This article is pretty biased, with all the talk about how great the diet is and no criticisms."
0,""" and all it does is make the cursor hover over the searchbox when you click on the main page.  

Don't worry, I understand. The April Fools mayhem can get out of hand, and it makes total sense that an edit to MediaWiki space today gets reverted by accident in the quest to fix a prank. ) {t.l} 

Yeah its not so much the lack of humor but the concern that things can get seriously damaged because of the """"silliness.""""  Sorry again for deleting a gadget which you were creating with good intentions. (talk) 

 Just an FYI 

I had the Vandal coaching page userfied to  (Talk Page) (Contribs) (E-mail me) 

 Spoofs 

They're probably not ones you'll add to your list, but here are two more:  )   

Signpost updated for March 31st, 2008.

 Weekly Delivery

 Volume 4, Issue 14  31 March 2008  About the Signpost

 Home ¬†|¬† Archives ¬†|¬† Newsroom ¬†|¬† Tip Line  ¬†|¬† Single-Page View Shortcut  WP:POST

You are receiving this message because you have signed up for the Signpost spamlist.  If you wish to stop receiving these messages, simply remove your name from the list.    

 JJonz returns 

Yet more socks of JJonz, *sighs*, can someone ban this guy's ips already? [[User:Sessho"
1," I love my family, but I wouldn't even need water to pop that Red Pill. That hoe is getting taken swiftly. "
0,"""
Those sources were given in response to the ludicrous claim that this controversy was discussed only in """"right wing"""" media. And the AIP article does include links to articles discussing Wiki,   """
1,"""

 A kitten for you! 

dose this look like you bastard FUCKER??

  
"""
0,Can a non-british individual be cabinet minister in the UK government?
0,thanks for mentioning it.Odd nomination of the week. I've commented there accordingly. ''''''
1, @DFkinLopes LMfAOOO this bitch tongue longer than some niggas dicks
0,Volcano | class=Start | importance= Low
1, gimmmmmie a hoodrat bitch
0,"Unlock page 

70.181.122.173  is no longer vandalizing the page. Can somebody at least let registered users edit the page now? Thank you."
1,Who cares asshole? Stop terrorizing wikipedia users with your stupid questions!
0,"""

 Come clean 

So that means that, rather than letting the rest of us do the actual work of creating an on-line uncensored NPOV encyclopedia, you are no longer creating content, you are merely destroying the content that you do not like.  You really need compute the integral on this fucntion: if the information destruction is more than the information-creation, then you end up with zero for your fabulous encyclopedia, sir.  Do the math.  Then do a personal inventory on yourself and, if you are not creating net content, then please remove yourself from Wikipedia and stay out untill you find the will to control your need to destroy information that you simply do not like and """"contribute"""" a net positive amount of information to Wikipedia.  You are not functioning in a manner to just """"clean up"""" Wikipedia: you are destroying it.   """
0,"Not quite'. 'Checking the minor edit box signifies that the current and previous versions differ only superficially (typographical corrections, etc.), in a way that no editor would be expected to regard as disputable'. Point taken nonetheless."
1,"You arrogant, ignorant fool! You think you are the hottest thing on this site! NEWSFLASH: Your not! You know absolutely nothing about wrestling, and you present yourself like a seriously idiotic person. The next time you want to leave a message on my page again! LEARN TO SPELL! Silly bitch! ( )"
0,"""

 Help 

Hi Julius, I was wondering if you could help me with something. I'm confused as to what the most common meaning of the word """"Alego"""" is. Does the term refer to a general region around Lake Victoria? Or is it an alternate name for Kogelo? Page 9 of Dreams from My Father says that Barack Obama's father was born """"on the shores of Lake Victoria, in a place called Alego."""" Other references to the name gives me the impression that Alego is a village. What do you think? khoi """
0,"""

first. come on. I should be ashamed because I lied to you eh. LoL. thats the last thing in my to do list. If you wish to play a game of ethics with me let me tell you it wont work and I would advice you to do it first yourself. question your life in the web. 

Second. Yes I am talking about that Holdwater stuff. please I am Just telling again you are making your self funny. I talked with all these people seperately. you are a highly intelligent man who has devoted his life to web forums and being the genocide Champion and I see that as a real waste. oh I know it is none of my bussiness. just like you I love sticking my nose every where.

finally. FYI: I have read almost every page in discussion, not like a real book ofcourse with fast tracking it took almost 4,5 hrs. I am really a grand child of a survivor so I wont buy any of your """"I have read all avaliable"""" bluffs. Do you feel honest within your self. blaming a nation and its people with genocide recklessly. Especially when facing a person whose relatives were killed by your ancestors. dont tell me """"scolars are saying these and that"""" stories. If you fare honest then you may have the right to ask people to be honest. bye. """
0,"""====Regarding edits made during May 28 2006 (UTC)====
Please refrain from adding nonsense to Wikipedia, as you did to Canada. It is considered vandalism. If you would like to experiment, use the sandbox.  If this is an IP address, and it is shared by multiple users, ignore this warning if you did not make any unconstructive edits.  Talk """
1,‚Äú@skimaskjojo: ‚Äú@1waynostra: Dat bird bitch‚ÄùHEAVY BIRDCAGE BITCH‚Äù byyyyyyrrrrrrrrrrrrr bitch üê•
0,"Regulatory 

I see that there is a little battle going on over where to put the FDA and other regulatory stuff.  My opinion is that it should go with the relevant product sections, ie., dressing clearance with dressings, topical with topical and alt. med with alt. med.  I think that we need to reinforce the fact that there are approved/cleared uses and compounds and OTC quackery that has been the subject of FDA restrictions."
1,This bitch is a cunt!
0,"Quick question 

Pardon the IP. I edit mostly from my cell phone. Anyway, I've been around awhile and I've noticed that every year, in the spring, you disappear for several months at a time. Obviously you don't have to tell me this, but I'm curious as to the reason for this. Are you a tax accountant? (That would be my guess.) Are you visiting friends or family in another country? Or do you just get burned out from being on here and designate yourself an annual break? I'm not expecting a response any time soon, as you're currently in the middle of one of the aforementioned breaks. Ultimately you don't even have to reply at all. If you would, though, I'd very much appreciate it. Thanks. 166.176.249.141"
1,I hate that one random tear that comes out when you haven't blinked üò∞like nigga stop being a bitch üí¢
0,"""

""""Phythian clearly cites Murray Waas and Craig Unger as its source.""""

They are journalists. Who are their sources?  """
0,"Addendum - I would also counsel that having a short discussion with one or two other editors at the Talk page is not necessarily sufficient justification for a unilateral action to eliminate all flag icons in corporate or other infoboxes, since they are not specifically banned (yet) on the Project page.  You need to think about getting buy-in from the community, and changing the MOS itself, so you have a policy or guideline (as it were) to point to, rather than just a short discussion amongst editors.  Thanks again!  '''''' ( Talk/contribs )"
0,"""

 Not I; I just don't like being forcibly separated from friends and never being able to find my way back; always some damn referendum or something.   (Talk) """
0,"It's quite a funny coincidence that all of the IP editors attacking the 50% page are from the UK and several of them have also significantly vandalizes Sandpit, including Special:Contributions/83.67.56.138.  Not funny ha-ha, mind you, but funny. -"
0,"I've trimmed it down. If you want, you can use them in the article, if not, just leave them there. Thanks."
1,User:PCHS-NJROTC is a cum gargling d-bag. )
0,"""==Sockpuppetry case==
 
You have been accused of sockpuppetry. Please refer to Wikipedia:Suspected sock puppets/Koov (2nd) for evidence. Please make sure you make yourself familiar with notes for the suspect before editing the evidence page. 155.188.183.6  """
0,"REDIRECT Talk:John Harley (bishop, died 1788)"
0,"taken down  

 - stop that -"
0,"Jun 2005 (UTC)

Is delusion a quality of a sub-genius?
sub-genius, tremble in the presence of a true genius. 03:55, 26"
1,All these bitches know that you're my nigga üëã
0,"""
Oh, I'll put back the first paragraph, then. [review] """
0,"Verification can be determined from vinyl, cassettes and CD's which still came be purchased online from a variety of mail order retail outlets. All the information is included in the artwork!"
0,"Dunno. Looks OK to me. What didn't you like?  21:38, 28 Apr 2005 (UTC)"
0,"infobox awards 

apparently,  is being used as a method for gluing together  templates (see, for example, Ninian Park and Cathays Park).  a check of what links to that template indicates that less than half are actually correct uses.  perhaps a solution would be to make  able to render more than one row? I have seen , but I'm not sure that is the solution for this particular problem."
0,"Unwilling 

Unwilling to use a toilet?  What the...?12.26.68.146"
0,"@IAmPikey 
I wonders why dare ain't no colored folk up dare?"
0,"Good job for having your bully NeilN defend you.  You sure are a piece of work.  Goodbye Wikipedia, congratulations, you will never be accurate while you behave like this.  All I did was add accurate information.  Helen, hang your head in shame, in serious, severe shame.  I hope that you see the level of harm you have done, even if NeilN doesn't because his head is too far up his own backside to actually check any facts. 123.2.223.96"
0,"I've started a stub on MK Guth . And one for David Butts . Should I submit them to be moved to live pages (as stubs), or delete the references to them here in this list of artists? An admin speedily deleted the David Butts article as I was writing it, so trying to avoid that mistake again."
0,"I've been working as an HR Manager for quite a while right now, I think I mastered all the ins and outs of this profession. I am also experienced in Project and Program Management."
0,"""

 Nonsense 
The edit on Siberian shamanism was one of my many udoes to your contribs a few days ago before I was banned. That was one of my various diatribes done to give you a taste of your own medicine of subverting, deleting and merging the talks of other editors without any rhyme or reason. I was on the edge of legality because I had never heard of Siberian shamanism (what next ? Catholic fire rituals ? -))) but it would not have taken long for some googling to come up with some insipid reason to validate my edit.

The edit on Paganism is right. Paganism is a CLASS of religions just like helicopter is a CLASS of aircraft, or planet is class of heavenly bodies. Hence your comment that """"Pagans are fewer than Hindus"""" makes little sense, because Hinduism is technically a pagan religion (in fact all Dharmic religions are for that matter). """
0,"""

 Persondata 

Despite reading WP:Persondata I am still not clear on the sort of descriptions wanted or required.

I note you added persondata to both Pete Gage (guitarist) and Pete Gage (vocalist) to say """"British Musician"""".  Having spent some time trying to differentiate between the two, as many sources confuse them, I think the generic """"musician"""" is confusing, so have amended this to """"British guitarist"""" and """"British vocalist"""", albeit that they both have other talents.  If this is incorrect, please revert, and tell me why/what the deciding factors are, in a case where two people have the same name, and are regularly confused   """
1, I just wanna ball my fist in your hair and shake the bitch right out of you.
0,"GREAT !!!!  THANK YOU !!!  I really do appreciate the information you supplied above.  You have given me an
answer to a matter I was confused about.  So, my next question is, since Jennifer O'Neill is very famous for that movie, can I use that same movie poster image pic for her wikipage I contributed to? Please explain. Thanks!! Also, in a good faith attempt to comply with policy, I uploaded a pic of her at a public speaking engagement in Washington, D.C. at a prochoice rally, taken of her in public (but I do not know who the photographer was), but that was deleted too, making me confused and somewhat exasperated, maybe being a 1st timer and new.   thanks for your time  (see, I am not a child)."
0,"Couples 

As far as I can see, the phrase 'same-sex couples' was deleted to appease one unhappy yet vocal editor.  I have reinstated it.  The phrase is used elsewhere in Wikipedia when discussing this subject and its use here therefore makes sense."
0,"Ankaram 

You should post this to the admin noticeboard, and offer it to a wider wikipedia audience. As for checkuser, it's not so much that they refuse requests from people not in the clique, but these requests are generally only used when rules have been violated. I don't think any purported sock of Ankaram has been subject to admin action yet. So I suggest you bring this to the wider community and maybe some things will come of that. Having a sockpuppet is not disallowed, so checkuser is rarely used."
0,"""
Hi OhConfucious. Correct, as you say (1) no, the RfC didn't anticipate that the disruption would move from titles to ledes, hence the need to reopen the RfC, (2) no, with the Gaj's alphabet Dj/ƒê """"because their appearances are sufficiently different as to potentially cause confusion"""" - and this exception was recognised in the RfC, and should continue to be recognised as an exception if the RfC is reopened too. The Category:Serbian female tennis players: contains none, Category:Serbian male tennis players only contains 3 such players - which are still at """"English names"""" so the 100x Facundo Arg√ºello (tennis) ledes affected do not include these 3 anyway. The 100x ledes affected are all of the 'Fran√ßois Hollande', or 'Charlotte Bront√´' do not come in the 3x """"because their appearances are sufficiently different as to potentially cause confusion"""" - there is no """"Fran√ßois/Francois"""" """"Bront√´/Bronte"""" confusion issue as with Dj/ƒê. Hence this is simply confirming the original RfC result.   
"""
0,"Market Conditions

You obviously have a maddenly simple-minded view of the world; therefore, STFU and stop commenting about topics that exceed your education and experience."
0,Could you produce a link to the policy page where that is said please? I have never read it myself.
0,Hi Manjuap please provide the appropriate references. You can do that by giving information such as distance to Bangalore International Airport and wipro/inforsys links that say that they have a office there.
0,"Edit request from 120.63.15.134, 29 August 2011 There is no flogging of people who drink alcohol in Ralegan Siddhi at all. I grew up near Ralegan(Ahmadnagar). It is false, 

About Anna Hazare the lines written by author are not proved. Please delete these line. I am from his village. there is no practice of flogging. Flogging is followed in rural India from past. Anna Hazare in fact educated people against superstitions. Rural people practiced several forms of superstitions to ward of addictions which sufferers could not control themselves. They themselves consented to flogging seeking for some solution. But Anna Hazare, tried his best to stop this flogging practice and encourage people to increase will power.

I checked the article from which the lines about flogging. There is no reference or proof. These lines may have been used to defame him. PLease remove it from your article unless someone prooves it.

120.63.15.134  
Anna Hazare wants anyone who wants to drink alcohol to be flogged in vigilante style, everywhere in India, claiming that physical abuse is a necessary evil to destroy the free will of any responsible adult who wants to consume alcohol, specially in villages.The Making of Anna Hazare ¬´ Kafila. Kafila.org. Retrieved on 29 August 2011.Why God Saved Anna Hazare. Readersdigest.co.in (19 April 2010). Retrieved on 29 August 2011."
1,"Hey, Nazi dude: 

Sherpa derpa derp"
0,"I am really confused 
It said this page was going to have evidence about why I was preminantly blocked from editing, but it's cheesecake instead, why was I blocked because of cheesecake? Please tell me"
0,"""  
""""A criticism of LCEA is that it attempts to eliminate monetary cost analysis, that is replace the currency by which economic decisions are made with an energy currency."""" - Why would this be a criticism?  More explanation would be appreciated.  Thanks.

"""
0,"I replied on my page -)  ÂÆπ 12:31, 5 Sep 2004 (UTC)"
0,"""Thanks for experimenting with the page User:Galis on Wikipedia. Your test worked, and has been reverted or removed. Please use the sandbox for any other tests you want to do. Take a look at the welcome page if you would like to learn more about contributing to our encyclopedia.  Thanks. 123 (talk) """
0,"Hi, I have just nominated Ann Sheehy for deletion. This is an article you created. Please have a look at the entry if you disagree with this nomination."
0,"Kyaa the catlord
Kyaa the catlord keeps reverting the Islamism page back too the original version from about a week ago, please get her or him to stop."
0,Thanks for your reply Scott. If I got your back up a wee bit with my post I apologise. I was just trying to say that the majority of people will edit wikipedia without knowing what WR is. Cheers!
1,Flashin money but ya bitch nails not done..
0,"""

 """"Yargh"""" interjection article 

You delete my article, saying that this was du to a lack of sense. But this article should be part of wikipedia.

First thing first, read article before complaining.

Second, article is far from vandalism, take time to write and as not being written for stupidity use.

Third, I personnaly search for website with de definition of Yargh and didn't found, I finally came here which is my source for every thing and I was so disapointed that there was no page about that I decide to write one. I assume I not the only one in the world that as look for this interjection so considering wikipedia as a free and global encyclopedia, my article a full sense to be here.

From The_inventor, hoping that you review the situation a that you see good sense and autorise my article."""
0,"Mistakes 

Bredolab is also known as BManager, Oficla is known as MyLoader. They are not the same bot, but are often used by the same groups or used when selling bots to different groups.
Also it was sold publicly so it is very unlikely that it belonged to only one group. Version 1.4 was sold for 400$ in late 2008 (It has also been made public)."
0,"""

Thanks for the Picture khatibimaroc

hahaha, i love how you act rather than speak hahaha, the new pictures are stunning and I just love them. I do not think that our """"friend"""" will be pleased to see that there is no website he could use to justify a potential vandalism hahaha oh and please I wanna see a picture of you with the artist wearing a T shirt that says f*** P**r**b***y hahahahahahahahahahahahahahahahahaha

have a great day, 

have a good day,"""
1,"BLOCKING
BLOCKING ME OVER THE BLANKING OF MY USERPAGE IS AN ABUSE OF SYSOP PRIVILAGES. THANKS FOR PUTTING ME OFF WIKIPEDIA FOR EVER. TWAT FACE"
0,"""
Well, I read through it again, and it doesn't seem like you can't do it, but I guess it's something to consider.  T/C """
0,"""

Double Standard reloaded
Who is interested in debating and who is not?
Who is interested in developing the article and
who is interested in freezin it to death, including using threats and veiled censorship in the form of selective double standard applying of internal rules?

After all, it never too much to remind that:
an editor besides not been unwilling or unable to counter argue, over a year and a half, he also have done baseless statements about editions done by me in a certain rude tone,
During all this time, I have responded to him in the same mode, but especifically to these assertions,
not having any left unanswered, unlike him...
...and only me is who was warned and blocked
Curious...
  

""""Summary of operations""""
To the newcomers in this discussion and also to the selective forgetful ones:

See above The heart of this Case;
As well as the sections Spurious Quotations, Once Again, and sections Warning to Judge by yourselves II in my Talk Page;

To note that 
1) from grammatical objections to the size of version that I propose, no one objection was left standing and even so it continues to be reversed, 
even taking into account that the present version: 
incurs spurious quote in the 1st paragraph, 
too detailed and redundant information (for an article that are supposed to be short...) on the 2nd paragraph, 
and incomplete besides be longer, vague and non neutral in the 3rd...

2) How not to think in double standard when:

The last disruptive revertion, besides be longer than the version I propose, was based entirely on incorrect inferences and historical misconceptions as I shown above (again... See above points A to E in """"Once Again"""" section ) that were related only to the 2nd paragraph (of the version I propose);
and that
No word was uttered against or about the spuriousness that was purged of the 1st paragraph, as well as against or about the 3rd paragraph, that according to some editor (Ctr F on word """"solid"""" to see above, on the discussion about grammar in the """"Once Again"""" section), was """"pretty solid""""...

And even so, the revertion was done...

So, I again ask you all:

1) Is the spuriousness justifiable under any circunstances?

2) In the case of an encyclopedia that is intended to be free and neutral, which group of honest editors would admit the use of partial referrals that lead to political and historical inferences in favor of a political regime (monarchical, military, etc.) whatever be?

Worse, which group of honest editors would allow the use of spurious citations of a partial source for purposes mentioned above - even if this purposes are involuntary, although the time that passed without actions having been taken, as well as the resistance to remediation maintained, only makes this possibility (of involuntariness) unlikely???

3) Which group of honest editors, ladies and gentlemen, who were truly committed to the freedom and neutrality of such instrument, would vote against such remediation or would omit about it?
  """
0,"Hiya, nope ) I don't remotely believe the ceremonial post is notable, I believe 1853-2002 is notable. Cheers"
0,"""Retire ==

Thanks Truco. Chances are I'll fail at this attempt as well (I've tried at least 3 times). Even if I succeed, I'll probably check my talk page every day to keep up with the project newsletter and the signpost, so if you have any questions or want me to participate in any disputes, just drop me a line. I'm also available through email if you have an address specified. Cheers amigo, SeaBass 

== RE:"""
0,I also  agree and recommend this. -
1,Fuck off you persistant faggot. - God
0,Who dat Said they gone beat dem Saints
0,"""
Try doing a null edit on that page if you still can't see any difference. I'm not so sure about moving the map to below """"Korean name"""", though """"Korean name"""" is now quite low if there is both a phot and a map. Perhaps """"Korean name"""" should be moved to the top, or maybe it would just be better to use  (I know it's been talked about before).   """
0,"""

 Motorsport 

There is nothing about Paris Hilton Racing, her Spanish based Moto GP team! Moto GP is the most important and viewed motorcycle racing competition in the world, and her team had an incredible 2011 season. This certainly raised her profile in Europe in terms of media coverage. If there are no objections I would like to add the following to the article under motorsport:  

""""Paris Hilton in partnership with Blusens-BQR (Queroseno Racing) and intially sponsor SuperMartxe VIP entered a race team in the 2011 125cc Moto GP World Championship in the last year of the 125cc category that has run since 1949. Originally the team was called """"SuperMartxe VIP by Paris Hilton Racing"""" but that was later changed to """"Blusens by Paris Hilton Racing"""". The Spanished based team raced the Italian Aprilia RSA 125 motocycle with two Spanish pilots, 16-year old European champion Maverick Vi√±ales and vetern Sergio Gadeo. The Moto GP team was led by Ra√∫l Romero, with Ricard Jov√© as sporting and technical director, and with Christian Lundberg and highly respected Italian technician Rossano Brazzi preparing the bikes. Both pilots finished in the top ten. Maverick Vi√±ales finished third overall in the 125cc Moto GP World Riders Championship, with four Grand Prix wins and a total of nine podiums, and three fatest laps and three poles. Sergio Gadeo finished ninth overall and achieved 2 third place finishes giving the team an impressive 11 podiums in their first season. Marick Vi√±ales won the Gran Premio Gernerali de la Comunitat Valenciana, the final Grand Prix of the season, earning points for both Blusens by Paris Hilton Racing and Aprilia who won the 125cc Moto GP World Manufaturers Championship. Paris Hilton said """"it has been an amazing year for my team"""".""""  



 
"
0,force raised by the general staff special
0,"""

 

You will get tired of vandalizing the article on Mafia long before I will get tired of posting these warnings on your page.  You will eventually get blocked if you continue to vandalize on wikipedia.  In the mean time, As long as you continue your vandalism, I will continue to post these annoying messages on your page. """
1,bitches at rick's in justice tank tops tho
0,Please do not continue to make unhelpful edits to the Polanski page. Edit warring is discouraged. You may be blocked if you continue vandalism. Thank you.
0,"This is about the kannadiga article 
i appreciate u tagging the kannadiga article as its tone isn't pretty good. the problem is a user named User:C21K, seems to be a kannada chauvanist and hates all other people .he has been repeatedly vandalising the pages related to tulu konkani and tamil people and culture and also is responsible for the mess that has been made in the kannadiga article.he cites every tulu and konkani or other linguistic minorities of karnataka as kannadiga and also suggests that lingayatism as the original faith of karnataka.it is better he his banned from wikipedia can u do something about it.anyways do you have any other plans to improve articles related to karnataka and its people including the kannadiga article .by User:Princeofdark07"
0,HAPPY BIRTHDAY  SIR CHOULES!!!
0,"November 2008
 Please stop. If you continue to violate Wikipedia's no original research policy by adding your personal analysis or synthesis into articles, you will be blocked from editing Wikipedia."
0,"Great job Aziza, I just edited and formatted your section on the standards of professional conduct.  I also have added a citation on mission."
0,"GoCarlisle 

GoCarlisle

Was just announced in the Sentinel today as the boroughs new website, maybe its not up yet."
0,"Message from you to an IP 

I received a message from you about editing something or other, no idea what it is about. You sent your message to an IP, one that is allocated dynamically. So the person who did the edits no longer owns this IP, I do, for now. Just thought you would like to know."
0,"""

Hi. Our Azad article has a ref """"Urdu declared official language of Azad Kashmir"""" (Pakistan Times, 21 August 2005), though the link is now dead. I don't remember where I got the Gilgit‚ÄìBaltistan info, but we make the same claim in the infobox of that article. Are our articles wrong? ‚Äî   """
0,"I like what you did.  Great job!  Thanks!

I especially like the fact that people can understand all the factors - the big picture, the individual versions, as well as the controversies ... all clearly labeled and easily available.  Thanks again!   (Talk)"
0,Only in my hick town can you walk into a national sports bar and get Busch light in a can. SMH
0,"""

 accurate.. 

Machida returned to his native Brazil to face Phil Davis on August 3, 2013 at UFC 163.[44][45] In a unanimous decision, Davis defeated Machida. This caused controversy among many MMA fans. [46][47] In one sample, 13 of 13 media outlets scored the bout in favor of Machida. ESPN scored it for Davis. [47] Davis had takedowns near the end of rounds one and two, and some moderate GNP, which formed the only significant offense of the fight. Many UFC affiliate bloggers and also scored the fight 30-27 in favor of Machida.[48] UFC promoter Dana White stated shortly after the fight that he had Machida winning all three rounds,[49] and later told Yahoo! Sports that """"Machida definitely won"""" and """"MMA judging sucks"""".[50] Fightmetric Analysis shows Davis struck machida more times. [51] ESPN released a similar analysis tracking each fighter's activity in each category, and reporting the 29-28 victory scored by the three judges at ringside.[52].77.101.41.108  """
1,"Some ratings from the VCHip 

1. The Power: TV-PG-L (hell, shit, pissed)
2. Just Set Up the Chairs: TV-PG-V (the Destroyer of World murders)
3. Caffeinated Concert Tickets: TV-PG-D (lady pecs = boobs, real reason people go to concerts is too see hot girls)
4. Death Punchies: TV-PG-V: (death kwon do, Rigby's bare ass)
5. Free Cake: TV-PG-L: (pissed)
6. Meat Your Maker: TV-PG-L-V (pissed, cannibalistic hot dogs)
7. Grilled Cheese Deluxe: TV-PG (purple nurple, suggestive touching)
8. The Unicorns Got to Go: TV-PG-D-V (lady flashbacks, risque goth lady, eating crotch balls, attack of the unicorns)
9. Prank Callers: TV-PG (brain tumor)
10. Don: TV-PG-D (Don reveals all the characters are naked, sugar seems gay)
11. Rigby's Body: TV-PG-L (sucks, turds)
12. Mordecai and the Rigbys: TV-PG (crotch humps)
13. Ello Govnor: TV-PG-V (evil taxi)
14. It's Time: TV-PG-D (Rigby tongue-kissing Margaret, discussing how good movies have sex)
15. Appreciation Day: TV-PG (nothing wrong)
16. Peeps: TV-PG (implied naked Pops)
17. Dizzy: TV-PG (implied naked Pops)
18. My Mom: TV-PG-D (my mom jokes imply sex)
19. High Score: TV-PG (GBF kicked in the crotch)
20. Rage Against the TV: TV-PG-V (kick him in the junk, Hammer's killings)
21. Party Pete: TV-14-D (guests with breasts line, breast zoom-ins, sexual dancing with Pops, Pete's groin lump shown)
22. Brain Eraser: TV-14 (naked Pops seen throughout whole episode, implied long penis scene, junk)
23. Benson Be Gone: TV-PG (nothing wrong)
24. But I Have a Receipt: TV-PG-V (the stabbing)
25. This is My Jam: TV-PG (gutters, crotch humps)
26. Muscle Woman: TV-14-D-S (junk, tongue-kiss, big breasted Starla)
27. Temp Check: TV-PG (nothing wrong)
28. Jinx: TV-PG-V (Jinx monsters attack, NSFW remark on dirty raccoon, naked people)
29. See You There: TV-PG (nothing wrong)
30. Do Me a Solid: TV-PG (shake weight)
31. Grave Sights: TV-PG-V (zombies)
32. Really Real Wrestling: TV-PG-V (wrestlers)
33. Over the Top: TV-PG-V (Rigby's death)
34. The Night Owl: TV-PG-D (second base
35. A Bunch of Baby Ducks: TV-PG
36. More Smarter: TV-PG
37. First Day: TV-PG
38. Go Viral: TV-PG (panties)
39. Skunked: TV-PG
40. Karaoke Show: TV-PG
41. Stick Hockey: TV-PG (chinese man named Chong, like ching chong
42. Bet to Be Blonde: TV-PG (blonde stereotypes)"
1, You suppose to keep your hoes from finding out about each other
0,"Just to let you know 

My edits are not vandalism because it talks about how many professional wins does each player have. The (3) indicates that the player has three wins, and you can see the list of victories below the headings of the wins section."
0,"POV template added... 

... because of the introduction of this photo montage, which consists of a collage of different propaganda pictures"
0,"Spider-man:Web of shadows 

he is in this game heres proof  ."
0,"Re Northridge 

It appears that content about Northridge is being censored I have been very careful to document and to state as neutrally as possible.
You seem knowlegable and your thoughts appreicated."
0,"I am unable to state so on the user page of that account, or anywhere else, because of these blocks. I do not know why an administrator thinks the user account belongs to me. I was never even informed that it had been created."
1,Yall letting these hoes fuck you with the strap after you said no?
1,"Why am I even talking to this retard, who hasn't ever gotten out of his chair since he was born?"
0,"Stuff like that is often a remnant of ye olden days of Wikipedia, when there was far fewer rules and far, far fewer people roaming about looking for opportunities to enforce them."
1,"i want to speak to the manager. Do you... do you own Wikipedia now, sir Thomas? I hate you, you have no say in what I have say to the world on Wikipedia. I see your true colors, Tommy, they're ugly and gay. Like you."
0,"""
Find a reliable source for it, then it can be added to this article and/or the one about Anthology. But we don't do anything without sources. '''''' TalkContribs """
0,"Please note, Qing Dynasty wasn't Chinese Dynasty and Korea declared Empire prior to illegal Japanese treaties. Therefore Japanese version of Sino-Japanese war and other facts are fully fabricated by Japanese imperialists, therefore Sammyy85 edit is not valid.Korsentry"
0,"Netball video 

Not beautiful but video.  I have higher quality but it doesn't appear to want to upload.  If you want to try to include in the relevant article, awesome sauce. )"
0,"You don't know if it's a fraud or not. Let's assume there is some plagiarism. The plagiarism referred in the article is miniscule. Consider the following example: I write 10 equations and claim to be my work. If 9/10 are stolen equations, it doesn't mean all my work is fraudulent. I still have 1 original equation. But of course, you're using circular logic. You cant possibly understand..."
1,"""
Well, thank you for spouting your ignorant mouth off, moron who can't read policies. You're obviously a foolish anti-semite, since you didn't bother taking any time to read that ridiculous """"marwenmedia"""" site that was linked up as """"proof."""" Go find something useful to do now, please, and stop trying to insert your racism into an encyclopedia."""
0,"""

New project for me
Originally, I was going to write about Chicago mass transit because of a red link but I found out that there's already a good article on it by a slightly different name.  Thanks for the link.

I am going to write about Newton Minow, who has quite an interesting background.  He is in Chicago.  He's the Honorary Counsel General of Singapore to Chicago, has quite a law background, and headed the Federal Communications Commission at one time where he coined the term """"vast wasteland"""" for TV.  Nothing for you to do but it's my foray into Chicago related topics! """
0,"Sir,

I compel you to treat me with good faith, and to cease this path of bigotry and condemnation you currently persue. I only want us to be capable of working together, and I will not stop until you submit - either through charity or shame - to my peaceful overtures. 86.40.207.29"
0,"Investigation 

 This is Chris Hansen with Dateline NBC. I'm doing an investiagtion regarding internet predators on Wikipedia. If there is anything you would like to say, then you are free to reply."
0,"Mikkalai, I'm glad you got that email. I only asked if you got it because I was not totally sure if I had sent it right."
0,"I'll have to stop by, but likely when it comes time to close the review (if I review and support, that means two delegates are out of action for that nomination). Thank you very much, again!¬†‚Äî"
0,"I can't believe I'm the first person posting here! Well, it's nice of you to delete the page you had dedicated to me. Alas, you still failed to find out where are the subtle edits made. Tsk tsk.218.186.13.2  

Oh ya. Can't believe we're both online at the same time. 218.186.13.2  

Care to talk? 218.186.13.2"
0,"The version I just examined appears to have removed the considerable number of personal attacks and there is a citation that backs up the assertions of criminal charges, so I'm going to restore the article under its correct name and remove the week's worth of protection that I applied to forestall further attacks.  As you will doubtless realize, Wikipedia has to be extremely careful about publishing anything that amounts to criminal libel, and the first two versions of the article I examined were undoubtedly libellous.  Thanks for attempting to work within our boundaries.  talk"
1,@ICBC_World214 @FreeBlizz_ICBC bitch bought her son some talking bout I had to get em before they sold out
0,"No sources; no evidence this is anything save Original Research, for which we are not designed.  PMAnderson"
0,"""

Barnstar
Great work with all your user templates to make them more welcoming......
  The Random Acts of Kindness Barnstar I award you this barnstar for helping to make user templates far more friednly and your work on WP:RFCN to fight for the newbies See the mess I've created or let's have banter """
1,"Racist?  Are you crazy?  I thought that you were off of my ass already?  What did I write that was 'racist?'  Have you actually read the other crap that I posted in?  Where is the block on them?  Now THOSE comments are racist.  The articles themselves are racist.  The article was about RACE, so what else would someone write about?  USE YOUR BRAIN WOMAN!  Don't be so quick to use your 'blocking powers' just because you don't like what I write.  Also, stop watching ME.  I am getting tired of posting comments worrying about the usual clowns on my ass (the others have left me alone for a change, so I was shokced to see you again!) and here you come again.  Maybe you need to READ what I post instead of just trying to block someone because don't like what they wrote.  I wrote nothing offensive and it was in response to the article and other responses.  Maybe you are one of those 'white' hispanics and you don't like anyone calling you anything but white?  Wise up!"
0,"AfD warning 

It looks as if other people trying to show you were you are going wrong haven't had any success, so I'll make it clear: if you continue to nominate articles for deletion which are about notable subjects (as established after spending some effort on Google searches), you will be blocked. 

Not every AfD needs to be successful, many of my AfDs end in keep or no consensus. But starting an AfD for lack of notability without doing any effort to find sources yourself is against policies and guidelines, and continuing to do so after it has been explained to you is disruptive. Speedy deletion criteria have nothing to do with this, and don't apply to films and so on anyway; but note that e.g. a record can only be speedy deleted if the musician or band are a redlink: similarly, we wouldn't speedy delete a film article where the main actors are bluelinks even if we had a speedy criterion for films."
1,"The dangling semi occured in 1997, The driver, an Elyrian Woman, was unhurt but she shit her pants......."
1, When you and your boys discover a hoe 
1,"...you're white, aren't you? *rolls eyes*  @DreaaaLove RIP to my NIGGA Trayvon, a worthless spear chucker"
0,"2005 (UTC)
No again.   Reference frame discussions are germane to the biblical arguments. 08:02, 1 Apr"
0,It also mentions that stories about Ganesha can be found in the Puranas.
0,"Fluffernutter, Drmies, Bilby,

Source: 

Please note that my other criticism of the article is also valid, i.e. that it is unbalanced, that it fails to mention Mees columns and international publications, and that it trip over the descriptions of Mees' views on women's issues."
0,"Attention please! 

this page does not belong to indon barbarian.. Shah"
1,@NasshRodriguez @linndaroose always down patty never been a pussy üòº
0,"""Welcome

Hello and welcome to Wikipedia.  We appreciate encyclopedic contributions, but some of your recent contributions, such as your edit to the page Email sender accreditation, seem to be advertising or for promotional purposes.  Wikipedia does not allow advertising.  For more information on this, see:
Policy on neutral point of view
Guideline on spam
Guideline on external links
Guideline on conflict of interest
If you still have questions, there is a new contributor's help page, or you can write {{helpme}} below this message along with a question and someone will be along to answer it shortly.  You may also find the following pages useful for a general introduction to Wikipedia:
The five pillars of Wikipedia
How to edit a page and how to develop articles
Help pages
Tutorial
Article wizard for creating new articles
Manual of Style
I hope you enjoy editing Wikipedia!  Please sign your name on talk pages using four tildes (~~~~); this will automatically produce your name and the date. Feel free to write a note on the bottom of User talk:SuperMarioManmy talk page if you want to get in touch with me. Again, welcome!  MarioMan """
0,""" 
It's not so easy, I do it as good I can, but thank you for notifying me. I promise to be more careful with the numbers from now on. /Mid (contributions) """
0,"Edit* I didn't apolagize Merope, it was another woman  Crimesone, anyway its the same thing, you apolagize to one woman you've apologized to the whole of womankind."
0,"""==Request for Usurpation==

Hello, Zsuetam. A request has been made at Wikipedia:Changing username/Usurpations to usurp, or """"take over"""", your username because you have not used it to edit, and another user would like to use it to edit. Wikipedia:Changing username/Usurpations says that any unused username may be usurped if the user is given an opportunity to object and does not do so. 

If you have an email set in your preferences, you should be getting an email from a bureaucrat or changing username clerk explaining how to consent or object to this process. 

If you do not object to being renamed to a new username in order for another user to use the name you currently have, please log in and post a reply here saying so (you may also tell us what username you would like to be renamed to, or we will provide you with a generic one). 

If you do nothing: the request may be filled shortly, and your account will be moved to a generic username. You may request that it be moved to a new username of your choice at any time.

If you object to being renamed: please log in and make an edit to this page clearly stating that you object to usurpation. 

Please note that even if your current username is usurped, you can still edit and your data will not be lost; your preferences, watchlist, and other user settings will be transferred to a new username.

Thank you for your time. ‚Äìxenotalk """
0,"Also see:  
 
 
 
 
 "
1,Wen yu see uh bad bitch n wanna holla say Ayyy
0,"""
An entry from  appeared on Wikipedia's Main Page in the Did you know? column on 17 September, 2006.

"""
